arm,intensity,intensity_num,n_runs,eq_init_sys,eq_t0_sys,eq_frozen_sys,eq_zero_sys,eq_loss_resid_pct,eq_loss_frozen_pct,njc_bn,eq_t0,eq_final,n_defaults_ill,n_defaults_ins,prompted_liq_bn,repo_pledged_bn,cb_pledged_bn,eq_loss_pct,n_defaults,eq_init_sys_se,eq_t0_sys_se,eq_frozen_sys_se,eq_zero_sys_se,eq_loss_resid_pct_se,eq_loss_frozen_pct_se,njc_bn_se,eq_t0_se,eq_final_se,n_defaults_ill_se,n_defaults_ins_se,prompted_liq_bn_se,repo_pledged_bn_se,cb_pledged_bn_se,eq_loss_pct_se,n_defaults_se,arm_label,intensity_norm
mask_S,0.1,0.1,1,1178459608115.54,1153542053755.65,1130596761647.75,1123739598377.03,2.58356037229742,1.989116221051,28.8080553175318,1153542053755.65,1123739598377.03,1,0,0,0,0,2.5835603722974,1,,,,,,,,,,,,,,,,,S (sales only),0.1
mask_S,0.2,0.2,1,1178459608115.54,1128624499395.75,1102765968953.68,1095452896655.52,2.93911772764068,2.29115445003368,36.6613454338473,1128624499395.75,1095452896655.52,2,0,0,0,0,2.93911772764069,2,,,,,,,,,,,,,,,,,S (sales only),0.2
mask_S,0.3,0.3,1,1178459608115.54,1103706945035.86,1078073455684.02,1066417918103.63,3.37852607523613,2.32249053674388,59.2548146820894,1103706945035.86,1066417918103.63,3,0,0,0,0,3.3785260752361,3,,,,,,,,,,,,,,,,,S (sales only),0.3
mask_S,0.4,0.4,1,1178459608115.54,1078789390675.97,1052673176937.31,1041311383576.95,3.47408005890136,2.42088158860143,59.1460711434609,1078789390675.97,1041311383576.95,3,0,0,0,0,3.47408005890138,3,,,,,,,,,,,,,,,,,S (sales only),0.4
mask_S,0.5,0.5,1,1178459608115.54,1053871836316.07,1025754459569.34,742475913077.861,29.547798176933,2.66800722609851,2052.74999193537,1053871836316.07,742475913077.861,8,0,0,0,0,29.5477981769331,8,,,,,,,,,,,,,,,,,S (sales only),0.5
mask_S,0.6,0.6,1,1178459608115.54,1028954281956.18,999668573720.156,707824832921.468,31.2093019744475,2.84616223962321,2141.85420094629,1028954281956.18,707824832921.468,10,0,0,0,0,31.2093019744475,10,,,,,,,,,,,,,,,,,S (sales only),0.6
mask_S,0.7,0.7,1,1178459608115.54,1004036727596.29,974087512493.553,544894730654.543,45.7296017488276,2.98288043450682,3191.99126967083,1004036727596.29,544894730654.543,13,0,0,0,0,45.7296017488276,13,,,,,,,,,,,,,,,,,S (sales only),0.7
mask_S,0.8,0.8,1,1178459608115.54,979119173236.392,947962300284.71,447464776911.25,54.2992529262608,3.18213286015999,3709.29809776658,979119173236.392,447464776911.25,17,0,0,0,0,54.2992529262608,17,,,,,,,,,,,,,,,,,S (sales only),0.8
mask_S,0.9,0.9,1,1178459608115.54,954201618876.499,921774441049.922,435175841299.85,54.3937221766363,3.39835703326063,3730.82763283452,954201618876.498,435175841299.85,19,0,0,0,0,54.3937221766363,19,,,,,,,,,,,,,,,,,S (sales only),0.9
mask_S,1,1,1,1178459608115.54,929284064516.605,896720950670.195,426150872600.103,54.1420229968349,3.50410763401487,3737.62431775521,929284064516.605,426150872600.103,19,0,0,0,0,54.1420229968349,19,,,,,,,,,,,,,,,,,S (sales only),1
mask_SU,0.1,0.1,1,1178459608115.54,1153542053755.65,1136915759851.97,1136915759851.97,1.44132533786251,1.44132533786251,0,1153542053755.65,1136915759851.97,0,0,0,0,0,1.44132533786245,0,,,,,,,,,,,,,,,,,S+U (+ unsecured),0.1
mask_SU,0.2,0.2,1,1178459608115.54,1128624499395.75,1109174677895.65,1108541295065.2,1.77944075654044,1.7233208662861,7.88007369483993,1128624499395.75,1108541295065.2,1,0,0,0,0,1.77944075654044,1,,,,,,,,,,,,,,,,,S+U (+ unsecured),0.2
mask_SU,0.3,0.3,1,1178459608115.54,1103706945035.86,1075758371990.17,1070604031242.57,2.99924848187044,2.5322458258864,30.4696293515514,1103706945035.86,1070604031242.57,2,0,0,0,0,2.99924848187038,2,,,,,,,,,,,,,,,,,S+U (+ unsecured),0.3
mask_SU,0.4,0.4,1,1178459608115.54,1078789390675.97,1052673176937.31,1041311383576.95,3.47408005890136,2.42088158860143,59.1460711434609,1078789390675.97,1041311383576.95,3,0,0,0,0,3.47408005890138,3,,,,,,,,,,,,,,,,,S+U (+ unsecured),0.4
mask_SU,0.5,0.5,1,1178459608115.54,1053871836316.07,1025754459569.34,742475913077.861,29.547798176933,2.66800722609851,2052.74999193537,1053871836316.07,742475913077.861,8,0,0,0,0,29.5477981769331,8,,,,,,,,,,,,,,,,,S+U (+ unsecured),0.5
mask_SU,0.6,0.6,1,1178459608115.54,1028954281956.18,999668573720.156,707824832921.468,31.2093019744475,2.84616223962321,2141.85420094629,1028954281956.18,707824832921.468,10,0,0,0,0,31.2093019744475,10,,,,,,,,,,,,,,,,,S+U (+ unsecured),0.6
mask_SU,0.7,0.7,1,1178459608115.54,1004036727596.29,974087512493.553,544894730654.543,45.7296017488276,2.98288043450682,3191.99126967083,1004036727596.29,544894730654.543,13,0,0,0,0,45.7296017488276,13,,,,,,,,,,,,,,,,,S+U (+ unsecured),0.7
mask_SU,0.8,0.8,1,1178459608115.54,979119173236.392,947962300284.71,447464776911.25,54.2992529262608,3.18213286015999,3709.29809776658,979119173236.392,447464776911.25,17,0,0,0,0,54.2992529262608,17,,,,,,,,,,,,,,,,,S+U (+ unsecured),0.8
mask_SU,0.9,0.9,1,1178459608115.54,954201618876.499,921774441049.922,435175841299.85,54.3937221766363,3.39835703326063,3730.82763283452,954201618876.498,435175841299.85,19,0,0,0,0,54.3937221766363,19,,,,,,,,,,,,,,,,,S+U (+ unsecured),0.9
mask_SU,1,1,1,1178459608115.54,929284064516.605,896720950670.195,426150872600.103,54.1420229968349,3.50410763401487,3737.62431775521,929284064516.605,426150872600.103,19,0,0,0,0,54.1420229968349,19,,,,,,,,,,,,,,,,,S+U (+ unsecured),1
mask_SUR,0.1,0.1,10,1178459608115.54,1153542053755.65,1149849238707.3,1149849238707.3,0.320128341773007,0.320128341773007,0,1153542053755.65,1149849238707.3,0,0,0,29.1262420196032,0,0.320128341772975,0,0,0,118118267.078327,118118267.078327,0.0102396151656338,0.0102396151656338,0,0,118118267.078323,0,0,0,0.229027600566856,0,0.0102396151656335,0,S+U+R (+ repo),0.1
mask_SUR,0.2,0.2,10,1178459608115.54,1128624499395.75,1124528904525.74,1123895521695.29,0.419003636992856,0.362883746738523,7.88007369483993,1128624499395.75,1123895521695.29,1,0,0,36.0009131539652,0,0.419003636992869,1,0,0,62528210.5448444,62528210.5448382,0.00554021382473221,0.00554021382473276,0,0,62528210.54487,0,0,0,0.333156349785459,0,0.00554021382473503,0,S+U+R (+ repo),0.2
mask_SUR,0.3,0.3,10,1178459608115.54,1103706945035.86,1096918902300.62,1091763366980.24,1.08213308880067,0.615022200029279,30.472918744867,1103706945035.86,1091763366980.24,2,0,0,35.7511987032342,0,1.08213308880064,2,0,0,42651112.170759,42651591.0771242,0.0038643945540941,0.00386435116337636,8.35884515661355e-05,0,42651591.0771536,0,0,0,0.0750750963622316,0,0.00386439455409677,0,S+U+R (+ repo),0.3
mask_SUR,0.4,0.4,10,1178459608115.54,1078789390675.97,1064250288146.67,1052887775135.89,2.40098908683601,1.34772390746171,59.1663288606732,1078789390675.97,1052887775135.89,3,0,0,40.5263137140689,0,2.40098908683604,3,0,0,19997417.8735332,19989630.0267125,0.00185296872582209,0.00185369063195947,0.000182291199992724,0,19989630.026739,0,0,0,0.160984257160187,0,0.00185296872582458,0,S+U+R (+ repo),0.4
mask_SUR,0.5,0.5,10,1178459608115.54,1053871836316.07,1038061479590.36,934913331990.229,11.2877581719687,1.50021626737626,686.352606767816,1053871836316.07,934913331990.229,5,0,0,45.0222539775964,0,11.2877581719687,5,0,0,14681473.0576692,13439713.8841055,0.00127527023884477,0.0013930985297975,0.00588190612594984,0,13439713.8840863,0,0,0,0.248337395170765,0,0.00127527023884291,0,S+U+R (+ repo),0.5
mask_SUR,0.6,0.6,10,1178459608115.54,1028954281956.18,1012985858767.3,766641214408.854,25.493170313518,1.55190793885634,1725.29722241464,1028954281956.18,766641214408.854,9,0,0,65.7111462582047,0,25.493170313518,9,0,0,12867918.2114371,9067537.98512561,0.000881238179784512,0.00125058211400544,0.0834385648748601,0,9067537.98512038,0,0,0,0.135296645174882,0,0.000881238179783704,0,S+U+R (+ repo),0.6
mask_SUR,0.7,0.7,10,1178459608115.54,1004036727596.29,991594359873.959,602862977846.739,39.9560831514577,1.23923432085138,2775.68525063361,1004036727596.29,602862977846.739,12,0,0,0,0,39.9560831514577,12,0,0,21793712.0045305,12539694.0861503,0.00124892782718952,0.00217060904302832,0.0990371156054865,0,12539694.086148,0,0,0,0,0,0.0012489278271889,0,S+U+R (+ repo),0.7
mask_SUR,0.8,0.8,10,1178459608115.54,979119173236.392,966582154843.852,494268497373.713,49.5190666382365,1.2804384527677,3450.48134874865,979119173236.392,494268497373.713,16,0,0,0,0,49.5190666382365,16,0,0,20204979.9511859,5697133.31458732,0.000581863114349336,0.00206358740626027,0.263649163113866,0,5697133.31458735,0,0,0,0,0,0.000581863114349578,0,S+U+R (+ repo),0.8
mask_SUR,0.9,0.9,10,1178459608115.54,954201618876.499,941837710997.556,437645477293.873,54.1349051776743,1.29573327422151,3754.60891017795,954201618876.498,437645477293.873,19,0,0,0,0,54.1349051776743,19,0,0,21039341.3497394,3279678.63197041,0.00034370918756477,0.00220491570476601,1.37902516279056,0,3279678.63196968,0,0,0,0,0,0.000343709187564733,0,S+U+R (+ repo),0.9
mask_SUR,1,1,10,1178459608115.54,929284064516.605,917092026975.976,425778449226.123,54.1820993726386,1.311981772438,3776.98547205102,929284064516.605,425778449226.123,19.4,0,0,0,0,54.1820993726386,19.4,0,0,23043069.5484993,1160801456.7791,0.12491352225898,0.00247965831206692,5.28533440194189,0,1160801456.7791,0.163299316185545,0,0,0,0,0.124913522258979,0.163299316185545,S+U+R (+ repo),1
mask_SURC,0.1,0.1,10,1178459608115.54,1153542053755.65,1149631061348,1149631061348,0.339042031013235,0.339042031013235,0,1153542053755.65,1149631061348,0,0,24.2099800491978,12.9084042766868,26.2406148833937,0.339042031013188,0,0,0,5436821.73245469,5436821.73245469,0.000471315433603289,0.000471315433603289,0,0,5436821.73244086,0,0,0.0529354381308972,0.767338939543288,0.0671062002499287,0.000471315433602091,0,S+U+R+C (+ CB),0.1
mask_SURC,0.2,0.2,10,1178459608115.54,1128624499395.75,1121945255594.12,1121945255594.12,0.591803899809494,0.591803899809494,0,1128624499395.75,1121945255594.12,0,0,26.9662867208227,16.1404570824988,29.1785442182466,0.591803899809522,0,0,0,185102878.35876,185102878.35876,0.0164007496255718,0.0164007496255718,0,0,185102878.35877,0,0,0.142565686804707,0.911461167303107,0.220564918504906,0.0164007496255726,0,S+U+R+C (+ CB),0.2
mask_SURC,0.3,0.3,10,1178459608115.54,1103706945035.86,1095765257587.74,1091233615211.33,1.13013059133375,0.719546749600726,23.2555922118623,1103706945035.86,1091233615211.33,1,0,25.9982527124112,18.1088871391349,29.9549765939287,1.13013059133372,1,0,0,8148665.43251521,8123356.91828383,0.000736006686813041,0.00073829973338171,0.155968002421966,0,8123356.91830553,0,0,0.148820482161631,0.548979241786548,0.456339098037612,0.000736006686815002,0,S+U+R+C (+ CB),0.3
mask_SURC,0.4,0.4,10,1178459608115.54,1078789390675.97,1062999451592.35,1052250481645.18,2.4600639624531,1.46367207724606,52.7648013782037,1078789390675.97,1052250481645.18,2,0,42.9768995170564,18.8040606210387,51.8490631504578,2.46006396245312,2,0,0,12411369.3470682,12368013.5025873,0.00114647155501198,0.00115049049001967,0.120240057704231,0,12368013.5025453,0,0,0.203235677514418,1.14582139932848,0.853129888995938,0.00114647155500812,0,S+U+R+C (+ CB),0.4
mask_SURC,0.5,0.5,10,1178459608115.54,1053871836316.07,1036934064590.69,933573121152.274,11.414928363995,1.60719464565904,735.685170103211,1053871836316.07,933573121152.274,3.8,0,42.2159211066021,20.4927288021673,68.3460322206429,11.414928363995,3.8,0,0,14686779.0512168,22086729554.4677,2.09576997822376,0.00139360200596651,148.709923607616,0,22086729554.4677,0.2,0,2.53204069345292,0.816848581867736,1.17724103028889,2.09576997822376,0.2,S+U+R+C (+ CB),0.5
mask_SURC,0.6,0.6,10,1178459608115.54,1028954281956.18,1011645315287.36,827604092482.21,19.5684291328451,1.68219006153615,1318.66388573817,1028954281956.18,827604092482.21,6.3,0,50.6316933614292,19.8713360865981,114.853186871333,19.5684291328451,6.3,0,0,10523086.7679783,20077455818.4475,1.95124858028459,0.00102269721332735,144.62014048246,0,20077455818.4474,0.260341655863555,0,7.6516549095427,0.293143592438905,6.63997513996035,1.95124858028459,0.260341655863555,S+U+R+C (+ CB),0.6
mask_SURC,0.7,0.7,10,1178459608115.54,1004036727596.29,986830671856.425,692700201457.817,31.0084798276079,1.71368788281807,2277.58861979019,1004036727596.29,692700201457.817,8.9,0,49.872116495342,0,155.296175952029,31.0084798276079,8.9,0,0,10519900.33813,19411870045.8441,1.93338246622881,0.00104776051004779,128.706178620979,0,19411870045.8441,0.378593889720018,0,8.92317709687893,0,10.1019663749307,1.93338246622881,0.378593889720018,S+U+R+C (+ CB),0.7
mask_SURC,0.8,0.8,10,1178459608115.54,979119173236.392,961727798754.716,578349440706.223,40.9316601579213,1.77622652656169,2910.5469237364,979119173236.392,578349440706.223,12.7,0,58.6075943652441,0,238.523408716875,40.9316601579213,12.7,0,0,11594599.5022708,11102108918.9909,1.13388739823099,0.00118418674857994,72.727893739419,0,11102108918.9909,0.3,0,7.37279667117198,0,6.06027439793286,1.13388739823099,0.3,S+U+R+C (+ CB),0.8
mask_SURC,0.9,0.9,10,1178459608115.54,954201618876.499,936872008682.565,503847985162.495,47.1969052247325,1.81613716127809,3355.49506788735,954201618876.498,503847985162.495,16.4,0,55.302177624322,0,273.357535168972,47.1969052247325,16.4,0,0,19916457.6512583,18628887979.117,1.95230102428994,0.00208723788109984,134.78024943908,0,18628887979.117,0.476095228569523,0,12.8952023958673,0,9.24979764493763,1.95230102428993,0.476095228569523,S+U+R+C (+ CB),0.9
mask_SURC,1,1,10,1178459608115.54,929284064516.605,912090908188.65,479275271395.597,48.4253212019829,1.8501507756833,3425.90349362638,929284064516.605,479275271395.597,16.3,0,51.5172991455738,0,294.856564737875,48.4253212019829,16.3,0,0,14672764.7506521,12583585355.7864,1.35411612404353,0.00157893213828912,102.078317017219,0,12583585355.7864,0.3,0,11.2294707579909,0,17.2408345401992,1.35411612404352,0.3,S+U+R+C (+ CB),1
